{"cameraMode":{"drawMode":0,"name":"Shaded","section":"Shading Mode"},"sceneLighting":false,"audioPlay":false,"sceneViewState":{"m_AlwaysRefresh":false,"showFog":true,"showSkybox":true,"showFlares":true,"showImageEffects":true,"showParticleSystems":true,"showVisualEffectGraphs":true,"m_FxEnabled":true},"in2DMode":false,"pivot":{"x":-2.1303653717041017,"y":-0.2523016333580017,"z":-2.8823697566986086},"rotation":{"x":-0.023685891181230546,"y":0.9740822911262512,"z":-0.12221544981002808,"w":-0.18905390799045564},"size":4.2866644859313969,"orthographic":false}