{"cameraMode":{"drawMode":0,"name":"Shaded","section":"Shading Mode"},"sceneLighting":false,"audioPlay":false,"sceneViewState":{"m_AlwaysRefresh":false,"showFog":true,"showSkybox":false,"showFlares":true,"showImageEffects":true,"showParticleSystems":true,"showVisualEffectGraphs":true,"m_FxEnabled":true},"in2DMode":false,"pivot":{"x":0.31959930062294009,"y":0.10830450057983399,"z":0.12199532985687256},"rotation":{"x":-0.07300999760627747,"y":0.889800488948822,"z":-0.4235953390598297,"w":-0.15338343381881715},"size":0.9031918048858643,"orthographic":false}